{
  "f1_score": 0.5213559750376777,
  "precision": 0.59729186228482,
  "recall": 0.57
}